steady_state,growth_rate,theta
-15.989617027704362,0.002514793420331128,5.0018
