steady_state,transition_path,growth_rate,theta
7.855134617413229,8.01309977743896,0.008830960000907917,5.0018
